{"data":[{"id":"78","name":"Angel Squad","slug":"angel-squad-dg","provider":"duniagames","isZone":false,"itemId":717,"product_ref_denom":"REG","product_ref":"REG","catalogId":1802,"paymentChannel":4512},{"id":"4","name":"AoV","slug":"aov-dg","provider":"duniagames","isZone":false,"itemId":18,"product_ref_denom":"REG","product_ref":"REG","catalogId":73,"paymentChannel":296},{"id":"62","name":"Atlantica Online","slug":"atlantica-online-dg","provider":"duniagames","isZone":false,"itemId":432,"product_ref_denom":"REG","product_ref":"REG","catalogId":455,"paymentChannel":1624},{"id":"7","name":"Battlenet","slug":"battlenet-dg","provider":"duniagames","isZone":false,"itemId":37,"product_ref_denom":"REG","product_ref":"REG","catalogId":92,"paymentChannel":305},{"id":"94","name":"Bleach Mobile 3D","slug":"bleach-mobile-3d-dg","provider":"duniagames","isZone":true,"dropdown":[{"id":"4231002","name":"BLEACH S2"},{"id":"4231003","name":"BLEACH S3"},{"id":"4231004","name":"BLEACH S4"},{"id":"4231005","name":"BLEACH S5"},{"id":"4231006","name":"BLEACH S6"},{"id":"4231007","name":"BLEACH S7"},{"id":"4231008","name":"BLEACH S8"},{"id":"4231009","name":"BLEACH S9"},{"id":"4231010","name":"BLEACH S10"},{"id":"4231011","name":"BLEACH S11"},{"id":"4231012","name":"BLEACH S12"},{"id":"4231013","name":"BLEACH S13"},{"id":"4231014","name":"BLEACH S14"},{"id":"4231015","name":"BLEACH S15"},{"id":"4231016","name":"BLEACH S16"},{"id":"4231017","name":"BLEACH S17"},{"id":"4231018","name":"BLEACH S18"},{"id":"4231019","name":"BLEACH S19"},{"id":"4231020","name":"BLEACH S20"},{"id":"4231021","name":"BLEACH S21"},{"id":"4231022","name":"BLEACH S22"},{"id":"4231023","name":"BLEACH S23"},{"id":"4231024","name":"BLEACH S24"},{"id":"4231025","name":"BLEACH S25"},{"id":"4231026","name":"BLEACH S26"},{"id":"4231027","name":"BLEACH S27"},{"id":"4231028","name":"BLEACH S28"},{"id":"4231029","name":"BLEACH S29"},{"id":"4231030","name":"BLEACH S30"},{"id":"4231031","name":"BLEACH S31"},{"id":"4231032","name":"BLEACH S32"},{"id":"4231033","name":"BLEACH S33"},{"id":"4231034","name":"BLEACH S34"},{"id":"4231035","name":"BLEACH S35"},{"id":"4231036","name":"BLEACH S36"},{"id":"4231037","name":"BLEACH S37"},{"id":"4231038","name":"BLEACH S38"},{"id":"4231039","name":"BLEACH S39"},{"id":"4231040","name":"BLEACH S40"},{"id":"4231041","name":"BLEACH S41"},{"id":"4231042","name":"BLEACH S42"},{"id":"4231043","name":"BLEACH S43"},{"id":"4231044","name":"BLEACH S44"},{"id":"4231045","name":"BLEACH S45"},{"id":"4231046","name":"BLEACH S46"},{"id":"4231047","name":"BLEACH S47"},{"id":"4231048","name":"BLEACH S48"},{"id":"4231049","name":"BLEACH S49"},{"id":"4231050","name":"BLEACH S50"},{"id":"4231051","name":"BLEACH S51"},{"id":"4231052","name":"BLEACH S52"},{"id":"4231053","name":"BLEACH S53"},{"id":"4231054","name":"BLEACH S54"},{"id":"4231055","name":"BLEACH S55"},{"id":"4231056","name":"BLEACH S56"},{"id":"4231057","name":"BLEACH S57"},{"id":"4231058","name":"BLEACH S58"},{"id":"4231059","name":"BLEACH S59"},{"id":"4231060","name":"BLEACH S60"},{"id":"4231061","name":"BLEACH S61"},{"id":"4231062","name":"BLEACH S62"},{"id":"4231063","name":"BLEACH S63"},{"id":"4231064","name":"BLEACH S64"},{"id":"4231065","name":"BLEACH S65"},{"id":"4231066","name":"BLEACH S66"},{"id":"4231067","name":"BLEACH S67"},{"id":"4231068","name":"BLEACH S68"},{"id":"4231069","name":"BLEACH S69"},{"id":"4231070","name":"BLEACH S70"},{"id":"4231071","name":"BLEACH S71"},{"id":"4231072","name":"BLEACH S72"},{"id":"4231073","name":"BLEACH S73"},{"id":"4231074","name":"BLEACH S74"},{"id":"4231075","name":"BLEACH S75"},{"id":"4231076","name":"BLEACH S76"},{"id":"4231077","name":"BLEACH S77"},{"id":"4231078","name":"BLEACH S78"},{"id":"4231079","name":"BLEACH S79"},{"id":"4231080","name":"BLEACH S80"},{"id":"4231081","name":"BLEACH S81"},{"id":"4231082","name":"BLEACH S82"},{"id":"4231083","name":"BLEACH S83"},{"id":"4231084","name":"BLEACH S84"},{"id":"4231085","name":"BLEACH S85"},{"id":"4231086","name":"BLEACH S86"},{"id":"4231087","name":"BLEACH S87"},{"id":"4231088","name":"BLEACH S88"},{"id":"4231089","name":"BLEACH S89"},{"id":"4231090","name":"BLEACH S90"},{"id":"4231091","name":"BLEACH S91"},{"id":"4231092","name":"BLEACH S92"},{"id":"4231093","name":"BLEACH S93"},{"id":"4231094","name":"BLEACH S94"},{"id":"4231095","name":"BLEACH S95"},{"id":"4231096","name":"BLEACH S96"},{"id":"4231097","name":"BLEACH S97"},{"id":"4231098","name":"BLEACH S98"},{"id":"4231099","name":"BLEACH S99"},{"id":"4231100","name":"BLEACH S100"},{"id":"4231101","name":"BLEACH S101"},{"id":"4231102","name":"BLEACH S102"},{"id":"4231103","name":"BLEACH S103"},{"id":"4231104","name":"BLEACH S104"},{"id":"4231105","name":"BLEACH S105"},{"id":"4231106","name":"BLEACH S106"},{"id":"4231107","name":"BLEACH S107"},{"id":"4231108","name":"BLEACH S108"},{"id":"4231109","name":"BLEACH S109"},{"id":"4231110","name":"BLEACH S110"},{"id":"4231111","name":"BLEACH S111"},{"id":"4231112","name":"BLEACH S112"},{"id":"4231113","name":"BLEACH S113"},{"id":"4231114","name":"BLEACH S114"},{"id":"4231115","name":"BLEACH S115"},{"id":"4231116","name":"BLEACH S116"},{"id":"4231117","name":"BLEACH S117"},{"id":"4231118","name":"BLEACH S118"},{"id":"4231201","name":"BLEACH TH 1"},{"id":"4231202","name":"BLEACH TH 2"},{"id":"4231203","name":"BLEACH TH 3"},{"id":"4231204","name":"BLEACH TH 4"},{"id":"4231205","name":"BLEACH TH 5"},{"id":"4231206","name":"BLEACH TH 6"},{"id":"4231207","name":"BLEACH TH 7"},{"id":"4231208","name":"BLEACH TH 8"},{"id":"4231209","name":"BLEACH TH 9"},{"id":"4231210","name":"BLEACH TH 10"},{"id":"4231211","name":"BLEACH TH 11"},{"id":"4231212","name":"BLEACH TH 12"},{"id":"4231213","name":"BLEACH TH 13"},{"id":"4231214","name":"BLEACH TH 14"},{"id":"4231215","name":"BLEACH TH 15"},{"id":"4231216","name":"BLEACH TH 16"},{"id":"4231217","name":"BLEACH TH 17"},{"id":"4231218","name":"BLEACH TH 18"},{"id":"4231219","name":"BLEACH TH 19"},{"id":"4231220","name":"BLEACH TH 20"},{"id":"4231221","name":"BLEACH TH 21"},{"id":"4231222","name":"BLEACH TH 22"},{"id":"4231223","name":"BLEACH TH 23"},{"id":"4231224","name":"BLEACH TH 24"},{"id":"4231225","name":"BLEACH TH 25"},{"id":"4231226","name":"BLEACH TH 26"},{"id":"4231227","name":"BLEACH TH 27"},{"id":"4231228","name":"BLEACH TH 28"},{"id":"4231229","name":"BLEACH TH 29"},{"id":"4231230","name":"BLEACH TH 30"},{"id":"4231231","name":"BLEACH TH 31"},{"id":"4231232","name":"BLEACH TH 32"},{"id":"4231233","name":"BLEACH TH 33"},{"id":"4231234","name":"BLEACH TH 34"},{"id":"4231235","name":"BLEACH TH 35"},{"id":"4231236","name":"BLEACH TH 36"},{"id":"4231237","name":"BLEACH TH 37"},{"id":"4231238","name":"BLEACH TH 38"},{"id":"4231239","name":"BLEACH TH 39"},{"id":"4231240","name":"BLEACH TH 40"},{"id":"4231241","name":"BLEACH TH 41"},{"id":"4231242","name":"BLEACH TH 42"},{"id":"4231243","name":"BLEACH TH 43"},{"id":"4231244","name":"BLEACH TH 44"},{"id":"4231245","name":"BLEACH TH 45"},{"id":"4231246","name":"BLEACH TH 46"},{"id":"4231247","name":"BLEACH TH 47"},{"id":"4231248","name":"BLEACH TH 48"},{"id":"4231249","name":"BLEACH TH 49"},{"id":"4231250","name":"BLEACH TH 50"},{"id":"4231251","name":"BLEACH TH 51"},{"id":"4231252","name":"BLEACH TH 52"},{"id":"4231253","name":"BLEACH TH 53"},{"id":"4231254","name":"BLEACH TH 54"},{"id":"4231255","name":"BLEACH TH 55"},{"id":"4231256","name":"BLEACH TH 56"},{"id":"4231257","name":"BLEACH TH 57"},{"id":"4231258","name":"BLEACH TH 58"},{"id":"4231259","name":"BLEACH TH 59"},{"id":"4231260","name":"BLEACH TH 60"},{"id":"4231261","name":"BLEACH TH 61"},{"id":"4231262","name":"BLEACH TH 62"},{"id":"4231263","name":"BLEACH TH 63"},{"id":"4231301","name":"BLEACH PH 1"},{"id":"4231302","name":"BLEACH PH 2"},{"id":"4231303","name":"BLEACH PH 3"},{"id":"4231304","name":"BLEACH PH 4"},{"id":"4231305","name":"BLEACH PH 5"},{"id":"4231306","name":"BLEACH PH 6"},{"id":"4231307","name":"BLEACH PH 7"},{"id":"4231308","name":"BLEACH PH 8"},{"id":"4231309","name":"BLEACH PH 9"},{"id":"4231310","name":"BLEACH PH 10"},{"id":"4231381","name":"BLEACH PH1~3"},{"id":"4231382","name":"BLEACH PH4~10"},{"id":"4231401","name":"BLEACH ID 1"},{"id":"4231402","name":"BLEACH ID 2"},{"id":"4231403","name":"BLEACH ID 3"},{"id":"4231404","name":"BLEACH ID 4"},{"id":"4231405","name":"BLEACH ID 5"},{"id":"4231406","name":"BLEACH ID 6"},{"id":"4231407","name":"BLEACH ID 7"},{"id":"4231408","name":"BLEACH ID 8"},{"id":"4231409","name":"BLEACH ID 9"},{"id":"4231410","name":"BLEACH ID 10"},{"id":"4231411","name":"BLEACH ID 11"},{"id":"4231412","name":"BLEACH ID 12"},{"id":"4231413","name":"BLEACH ID 13"},{"id":"4231414","name":"BLEACH ID 14"},{"id":"4231415","name":"BLEACH ID 15"},{"id":"4231416","name":"BLEACH ID 16"},{"id":"4231417","name":"BLEACH ID 17"},{"id":"4231418","name":"BLEACH ID 18"},{"id":"4231419","name":"BLEACH ID 19"},{"id":"4231481","name":"BLEACH ID 1~4"},{"id":"4231482","name":"BLEACH ID 5~8"},{"id":"4231483","name":"BLEACH ID 9~13"},{"id":"4231484","name":"BLEACH ID 14~16"},{"id":"4231485","name":"BLEACH ID 17~19"},{"id":"4231501","name":"BLEACH M1"},{"id":"4231502","name":"BLEACH M2"},{"id":"4231503","name":"BLEACH M3"},{"id":"4231504","name":"BLEACH M4"},{"id":"4231505","name":"BLEACH M5"},{"id":"4231506","name":"BLEACH M6"},{"id":"4231507","name":"BLEACH M7"},{"id":"4231508","name":"BLEACH M8"},{"id":"4231509","name":"BLEACH M9"},{"id":"4231510","name":"BLEACH M10"},{"id":"4231511","name":"BLEACH M11"},{"id":"4231512","name":"BLEACH M12"},{"id":"4231581","name":"BLEACH M1~4"},{"id":"4231582","name":"BLEACH M5~8"},{"id":"4231583","name":"BLEACH M9~12"},{"id":"4231601","name":"BLEACH VN 1"},{"id":"4231602","name":"BLEACH VN 2"},{"id":"4231603","name":"BLEACH VN 3"},{"id":"4231604","name":"BLEACH VN 4"},{"id":"4231605","name":"BLEACH VN 5"},{"id":"4231606","name":"BLEACH VN 6"},{"id":"4231681","name":"BLEACH VN1~6"},{"id":"4231701","name":"BLEACH SEA S1~S4"},{"id":"4231702","name":"BLEACH SEA S5~S8"},{"id":"4231703","name":"BLEACH SEA S9~S12"},{"id":"4231704","name":"BLEACH SEA S13~S16"},{"id":"4231705","name":"BLEACH SEA S17~S20"},{"id":"4231706","name":"BLEACH SEA S21~S24"},{"id":"4231707","name":"BLEACH SEA S25~S28"},{"id":"4231708","name":"BLEACH SEA S29~S32"},{"id":"4231709","name":"BLEACH SEA S33~S36"},{"id":"4231710","name":"BLEACH SEA S37~S40"},{"id":"4231711","name":"BLEACH SEA S41~S44"},{"id":"4231712","name":"BLEACH SEA S45~S48"},{"id":"4231713","name":"BLEACH SEA S49~S52"},{"id":"4231714","name":"BLEACH SEA S53~S56"},{"id":"4231715","name":"BLEACH SEA S57~S60"},{"id":"4231716","name":"BLEACH SEA S61~S64"},{"id":"4231717","name":"BLEACH SEA S65~S68"},{"id":"4231718","name":"BLEACH SEA S69~S72"},{"id":"4231719","name":"BLEACH SEA S73~S79"},{"id":"4231720","name":"BLEACH SEA S80~S86"},{"id":"4231721","name":"BLEACH SEA S87~S93"},{"id":"4231722","name":"BLEACH SEA S94~S100"},{"id":"4231751","name":"BLEACH SEA S1~S20"},{"id":"4231752","name":"BLEACH SEA S21~S48"},{"id":"4231801","name":"BLEACH TH S1~S4"},{"id":"4231802","name":"BLEACH TH S5~S8"},{"id":"4231803","name":"BLEACH TH S9~S12"},{"id":"4231804","name":"BLEACH TH S13~S16"},{"id":"4231805","name":"BLEACH TH S17~S20"},{"id":"4231806","name":"BLEACH TH S21~S24"},{"id":"4231807","name":"BLEACH TH S25~S31"},{"id":"4231808","name":"BLEACH TH S32~S38"},{"id":"4231809","name":"BLEACH TH S39~S45"}],"itemId":896,"product_ref_denom":"REG","product_ref":"REG","catalogId":2050,"paymentChannel":5097},{"id":"88","name":"Boxing Star","slug":"boxing-star-dg","provider":"duniagames","isZone":false,"itemId":888,"product_ref_denom":"REG","product_ref":"REG","catalogId":2042,"paymentChannel":5108},{"id":"18","name":"Call of Duty Mobile","slug":"call-of-duty-mobile-dg","provider":"duniagames","isZone":false,"itemId":88,"product_ref_denom":"REG","product_ref":"REG","catalogId":144,"paymentChannel":828},{"id":"86","name":"Dragon Raja","slug":"dragon-raja-dg","provider":"duniagames","isZone":false,"itemId":825,"product_ref_denom":"REG","product_ref":"REG","catalogId":1983,"paymentChannel":4989},{"id":"12","name":"DreadOut","slug":"dreadout-dg","provider":"duniagames","isZone":false,"itemId":63,"product_ref_denom":"REG","product_ref":"REG","catalogId":118,"paymentChannel":332},{"id":"37","name":"Esports King","slug":"esports_king-dg","provider":"duniagames","isZone":false,"product_ref":"REG","catalogId":null},{"id":"63","name":"Game On Credits","slug":"game-on-credits-dg","provider":"duniagames","isZone":false,"itemId":438,"product_ref_denom":"REG","product_ref":"REG","catalogId":461,"paymentChannel":1630},{"id":"81","name":"Game Speed Up","slug":"game-speed-up-dg","provider":"duniagames","isZone":false,"itemId":776,"product_ref_denom":"REG","product_ref":"REG","catalogId":1902,"paymentChannel":4870},{"id":"82","name":"Game Speed Up Bundling","slug":"game-speed-up-bundling-dg","provider":"duniagames","isZone":false,"product_ref":"REG","catalogId":null},{"id":"93","name":"GameQoo Bundling","slug":"gameqoo_bundling-dg","provider":"duniagames","isZone":false,"product_ref":"REG","catalogId":null},{"id":"79","name":"GamesMax Booster","slug":"gamesmax-booster-dg","provider":"duniagames","isZone":false,"product_ref":"REG","catalogId":null},{"id":"103","name":"GamesMax Booster MLBB All Star","slug":"gamesmax-booster-mlbb-all-star-dg","provider":"duniagames","isZone":false,"product_ref":"REG","catalogId":null},{"id":"107","name":"Genshin Crystal","slug":"genshin-crystal-dg","provider":"duniagames","isZone":true,"dropdown":[{"id":"America","name":"America"},{"id":"Asia","name":"Asia"},{"id":"Europe","name":"Europe"},{"id":"TW_HK_MO","name":"TW_HK_MO"}],"itemId":1004,"product_ref_denom":"REG","product_ref":"REG","catalogId":2165,"paymentChannel":5355},{"id":"31","name":"Google Play","slug":"google-play-dg","provider":"duniagames","isZone":false,"itemId":216,"product_ref_denom":"REG","product_ref":"REG","catalogId":273,"paymentChannel":1002},{"id":"15","name":"Indoplay","slug":"indoplay-dg","provider":"duniagames","isZone":false,"itemId":76,"product_ref_denom":"REG","product_ref":"REG","catalogId":132,"paymentChannel":816},{"id":"34","name":"Langit Musik","slug":"langit-musik-dg","provider":"duniagames","isZone":false,"itemId":258,"product_ref_denom":"REG","product_ref":"REG","catalogId":314,"paymentChannel":1103},{"id":"21","name":"LifeAfter","slug":"life-after-dg","provider":"duniagames","isZone":true,"dropdown":[{"id":"520007","name":"ChaosCity"},{"id":"500007","name":"ChaosOutpost"},{"id":"520002","name":"CharlesTown"},{"id":"500009","name":"CrystalthornSea"},{"id":"510001","name":"FallForest"},{"id":"520009","name":"HopeWall"},{"id":"500008","name":"IronStride"},{"id":"520010","name":"LabyrinthSea"},{"id":"520005","name":"LevinCity"},{"id":"520006","name":"MileStone"},{"id":"500001","name":"MiskaTown"},{"id":"510002","name":"MountSnow"},{"id":"500003","name":"MouthSwamp"},{"id":"520001","name":"NancyCity"},{"id":"500006","name":"NewLand"},{"id":" 500005","name":"Obelisk"},{"id":"500004","name":"RedwoodTown"},{"id":"500002","name":"SandCastle"},{"id":"520004","name":"Santopany"},{"id":"520003","name":"SnowHighlands"},{"id":" 520008","name":"TwinIslands"}],"itemId":1019,"product_ref_denom":"REG","product_ref":"REG","catalogId":2203,"paymentChannel":5471},{"id":"35","name":"Lokapala","slug":"lokapala-dg","provider":"duniagames","isZone":false,"itemId":259,"product_ref_denom":"REG","product_ref":"REG","catalogId":315,"paymentChannel":1106},{"id":"89","name":"Lords Mobile","slug":"lords-mobile-dg","provider":"duniagames","isZone":false,"itemId":840,"product_ref_denom":"REG","product_ref":"REG","catalogId":1999,"paymentChannel":5013},{"id":"69","name":"Lost Saga Origin","slug":"lost-saga-dg","provider":"duniagames","isZone":true,"dropdown":[{"id":"1","name":"All Server"}],"itemId":560,"product_ref_denom":"REG","product_ref":"REG","catalogId":587,"paymentChannel":1840},{"id":"90","name":"Love Nikki","slug":"love-nikki-dg","provider":"duniagames","isZone":false,"itemId":846,"product_ref_denom":"REG","product_ref":"REG","catalogId":2005,"paymentChannel":5019},{"id":"105","name":"Luna Fantasia","slug":"luna_fantasia-dg","provider":"duniagames","isZone":false,"itemId":986,"product_ref_denom":"REG","product_ref":"REG","catalogId":2148,"paymentChannel":5338},{"id":"104","name":"Magnet Majamojo Bundling","slug":"magnet_majamojo_bundling-dg","provider":"duniagames","isZone":false,"product_ref":"REG","catalogId":null},{"id":"22","name":"Marvel Super War","slug":"marvel-super-war-dg","provider":"duniagames","isZone":false,"itemId":127,"product_ref_denom":"REG","product_ref":"REG","catalogId":183,"paymentChannel":867},{"id":"36","name":"Memories","slug":"memories-dg","provider":"duniagames","isZone":false,"itemId":852,"product_ref_denom":"REG","product_ref":"REG","catalogId":2011,"paymentChannel":5061},{"id":"9","name":"Mi-cash","slug":"mi-cash-dg","provider":"duniagames","isZone":false,"itemId":43,"product_ref_denom":"REG","product_ref":"REG","catalogId":98,"paymentChannel":782},{"id":"64","name":"Minecraft","slug":"minecraft-dg","provider":"duniagames","isZone":false,"itemId":454,"product_ref_denom":"REG","product_ref":"REG","catalogId":478,"paymentChannel":5299},{"id":"1","name":"Mobile Legends","slug":"mobile-legends-dg","provider":"duniagames","isZone":true,"itemId":66,"product_ref_denom":"REG","product_ref":"REG","catalogId":121,"paymentChannel":341},{"id":"33","name":"MusicMax","slug":"musicmax-dg","provider":"duniagames","isZone":false,"product_ref":"REG","catalogId":null},{"id":"98","name":"NetEase Pay","slug":"netease-pay-dg","provider":"duniagames","isZone":false,"itemId":921,"product_ref_denom":"REG","product_ref":"REG","catalogId":2075,"paymentChannel":5144},{"id":"97","name":"One Punch Man : The Strongest","slug":"one-punch-man-dg","provider":"duniagames","isZone":true,"itemId":917,"product_ref_denom":"REG","product_ref":"REG","catalogId":2071,"paymentChannel":5140},{"id":"16","name":"PUBG Mobile","slug":"pubg-mobile-dg","provider":"duniagames","isZone":true,"product_ref":"REG","catalogId":null},{"id":"70","name":"Perfect World","slug":"perfect-world-dg","provider":"duniagames","isZone":true,"dropdown":[{"id":"1","name":"MoonLight"},{"id":"2","name":"Lotus"},{"id":"3","name":"Crimson"},{"id":"4","name":"Kirin"},{"id":"5","name":"Morai"}],"itemId":567,"product_ref_denom":"REG","product_ref":"REG","catalogId":593,"paymentChannel":1846},{"id":"17","name":"Point Blank","slug":"point-blank-dg","provider":"duniagames","isZone":false,"itemId":82,"product_ref_denom":"REG","product_ref":"REG","catalogId":138,"paymentChannel":822},{"id":"73","name":"RF Classic","slug":"rf-classic-dg","provider":"duniagames","isZone":true,"dropdown":[{"id":"1","name":"All Server"}],"itemId":582,"product_ref_denom":"REG","product_ref":"REG","catalogId":608,"paymentChannel":1861},{"id":"74","name":"RF Remastered","slug":"rf-remastered-dg","provider":"duniagames","isZone":true,"dropdown":[{"id":"1","name":"All Server"}],"itemId":588,"product_ref_denom":"REG","product_ref":"REG","catalogId":614,"paymentChannel":1867},{"id":"71","name":"Ragnarok Forever Love","slug":"ragnarok-forever-love-dg","provider":"duniagames","isZone":true,"dropdown":[{"id":"1","name":"All Server"}],"itemId":573,"product_ref_denom":"REG","product_ref":"REG","catalogId":599,"paymentChannel":1852},{"id":"106","name":"Ragnarok Origin Global","slug":"ragnarok-origin-global-dg","provider":"duniagames","isZone":true,"dropdown":[{"id":"Prontera-1","name":"Prontera-1"},{"id":"Prontera-2","name":"Prontera-2"},{"id":"Prontera-3","name":"Prontera-3"},{"id":"Prontera-4","name":"Prontera-4"},{"id":"Prontera-5","name":"Prontera-5"},{"id":"Prontera-6","name":"Prontera-6"},{"id":"Prontera-7","name":"Prontera-7"},{"id":"Prontera-8","name":"Prontera-8"},{"id":"Prontera-9","name":"Prontera-9"},{"id":"Prontera-10","name":"Prontera-10"},{"id":"Izlude-1","name":"Izlude-1"},{"id":"Izlude-2","name":"Izlude-2"},{"id":"Izlude-3","name":"Izlude-3"},{"id":"Izlude-4","name":"Izlude-4"},{"id":"Izlude-5","name":"Izlude-5"},{"id":"Izlude-6","name":"Izlude-6"},{"id":"Izlude-7","name":"Izlude-7"},{"id":"Izlude-8","name":"Izlude-8"},{"id":"Izlude-9","name":"Izlude-9"},{"id":"Izlude-10","name":"Izlude-10"},{"id":"Morroc-1","name":"Morroc-1"},{"id":"Morroc-2","name":"Morroc-2"},{"id":"Morroc-3","name":"Morroc-3"},{"id":"Morroc-4","name":"Morroc-4"},{"id":"Morroc-5","name":"Morroc-5"},{"id":"Morroc-6","name":"Morroc-6"},{"id":"Morroc-7","name":"Morroc-7"},{"id":"Morroc-8","name":"Morroc-8"},{"id":"Morroc-9","name":"Morroc-9"},{"id":"Morroc-10","name":"Morroc-10"},{"id":"Geffen-1","name":"Geffen-1"},{"id":"Geffen-2","name":"Geffen-2"},{"id":"Geffen-3","name":"Geffen-3"},{"id":"Geffen-4","name":"Geffen-4"},{"id":"Geffen-5","name":"Geffen-5"},{"id":"Geffen-6","name":"Geffen-6"},{"id":"Geffen-7","name":"Geffen-7"},{"id":"Geffen-8","name":"Geffen-8"},{"id":"Geffen-9","name":"Geffen-9"},{"id":"Geffen-10","name":"Geffen-10"},{"id":"Payon-1","name":"Payon-1"},{"id":"Payon-2","name":"Payon-2"},{"id":"Payon-3","name":"Payon-3"},{"id":"Payon-4","name":"Payon-4"},{"id":"Payon-5","name":"Payon-5"},{"id":"Payon-6","name":"Payon-6"},{"id":"Payon-7","name":"Payon-7"},{"id":"Payon-8","name":"Payon-8"},{"id":"Payon-9","name":"Payon-9"},{"id":"Payon-10","name":"Payon-10"},{"id":"Poring Island-1","name":"Poring Island-1"},{"id":"Poring Island-2","name":"Poring Island-2"},{"id":"Poring Island-3","name":"Poring Island-3"},{"id":"Poring Island-4","name":"Poring Island-4"},{"id":"Poring Island-5","name":"Poring Island-5"},{"id":"Poring Island-6","name":"Poring Island-6"},{"id":"Poring Island-7","name":"Poring Island-7"},{"id":"Poring Island-8","name":"Poring Island-8"},{"id":"Poring Island-9","name":"Poring Island-9"},{"id":"Poring Island-10","name":"Poring Island-10"},{"id":"Orc Village-1","name":"Orc Village-1"},{"id":"Orc Village-2","name":"Orc Village-2"},{"id":"Orc Village-3","name":"Orc Village-3"},{"id":"Orc Village-4","name":"Orc Village-4"},{"id":"Orc Village-5","name":"Orc Village-5"},{"id":"Orc Village-6","name":"Orc Village-6"},{"id":"Orc Village-7","name":"Orc Village-7"},{"id":"Orc Village-8","name":"Orc Village-8"},{"id":"Orc Village-9","name":"Orc Village-9"},{"id":"Orc Village-10","name":"Orc Village-10"}],"itemId":1001,"product_ref_denom":"REG","product_ref":"REG","catalogId":2162,"paymentChannel":5352},{"id":"77","name":"Ragnarok Retro","slug":"ragnarok-retro-dg","provider":"duniagames","isZone":false,"itemId":722,"product_ref_denom":"REG","product_ref":"REG","catalogId":1807,"paymentChannel":4518},{"id":"13","name":"Razer Gold","slug":"razer-gold-dg","provider":"duniagames","isZone":false,"itemId":68,"product_ref_denom":"REG","product_ref":"REG","catalogId":123,"paymentChannel":415},{"id":"85","name":"Return of Condor Heroes","slug":"roch-dg","provider":"duniagames","isZone":true,"dropdown":[],"itemId":816,"product_ref_denom":"REG","product_ref":"REG","catalogId":1974,"paymentChannel":4980},{"id":"60","name":"Roblox Gift Card","slug":"roblox-dg","provider":"duniagames","isZone":false,"itemId":412,"product_ref_denom":"REG","product_ref":"REG","catalogId":435,"paymentChannel":4949},{"id":"5","name":"Speed Drifters","slug":"speed-drifters-dg","provider":"duniagames","isZone":false,"itemId":23,"product_ref_denom":"REG","product_ref":"REG","catalogId":78,"paymentChannel":388},{"id":"27","name":"Tinder","slug":"tinder-dg","provider":"duniagames","isZone":false,"itemId":196,"product_ref_denom":"CMS","product_ref":"REG","catalogId":253,"paymentChannel":946},{"id":"95","name":"Tom and Jerry : Chase","slug":"tom-and-jerry-chase-dg","provider":"duniagames","isZone":true,"dropdown":[{"id":"Asia_Server","name":"Asia_Server"}],"itemId":909,"product_ref_denom":"REG","product_ref":"REG","catalogId":2063,"paymentChannel":5118},{"id":"84","name":"Top Up DG Rings","slug":"dg-rings-dg","provider":"duniagames","isZone":false,"itemId":790,"product_ref_denom":"REG","product_ref":"REG","catalogId":1930,"paymentChannel":5269},{"id":"3","name":"Top Up FF ( Free Fire)","slug":"freefire-dg","provider":"duniagames","isZone":false,"itemId":1009,"product_ref_denom":"REG","product_ref":"REG","catalogId":2184,"paymentChannel":5377},{"id":"2","name":"Top Up Garena Shell","slug":"garena-dg","provider":"duniagames","isZone":false,"itemId":1005,"product_ref_denom":"REG","product_ref":"REG","catalogId":2170,"paymentChannel":5357},{"id":"66","name":"Top Up PUBG","slug":"pubg-mobile-voucher-dg","provider":"duniagames","isZone":false,"itemId":475,"product_ref_denom":"REG","product_ref":"REG","catalogId":498,"paymentChannel":1670},{"id":"14","name":"Unipin","slug":"unipin-dg","provider":"duniagames","isZone":false,"itemId":72,"product_ref_denom":"REG","product_ref":"REG","catalogId":127,"paymentChannel":426},{"id":"49","name":"Voucher Steam","slug":"voucher-steam-dg","provider":"duniagames","isZone":false,"itemId":387,"product_ref_denom":"REG","product_ref":"REG","catalogId":410,"paymentChannel":1324},{"id":"65","name":"XBOX Live Gift Card","slug":"xbox-live-dg","provider":"duniagames","isZone":false,"itemId":457,"product_ref_denom":"REG","product_ref":"REG","catalogId":481,"paymentChannel":1650}]}